doenca,forca_sazonal,n_semanas
dengue,0.23522438435971105,594
zika,0.06866124374452454,540
chikungunya,0.41085442643827486,594
