doenca,forca_sazonal,n_semanas
dengue,0.236572072620433,594
zika,0.06770413360090866,541
chikungunya,0.42156570582454145,594
