feature,importance
lag_1,0.7051967232943134
sem_cos,0.1070976711383799
lag_2,0.08349028871686606
lag_3,0.02916411460103059
lag_4,0.0254148936880751
lag_6,0.01378928071723225
sem_sen,0.011121228259871555
lag_5,0.009087965411346014
lag_7,0.008598123145739106
lag_8,0.007039711027146021
vacinou_dengue,0.0
