feature,importance
lag_1,0.678590435183973
lag_2,0.07653341830795504
lag_3,0.06827952028994266
sem_cos,0.03971694897868543
lag_4,0.03281878676378298
lag_8,0.03223303527588315
idhm,0.02544028426670801
lag_5,0.02120135300095689
lag_6,0.011374895595431847
lag_7,0.009033449534097467
sem_sen,0.004777872802583569
vacinou_dengue,0.0
