{
  "rmse": 141995.80721522472,
  "mae": 87451.51943358354,
  "r2": 0.07180012817991421,
  "n_teste": 52
}