{
  "rmse": 155979.24314958113,
  "mae": 124374.44041231205,
  "r2": -453.3609397761673,
  "n_teste": 26
}